{"cameraMode":{"drawMode":0,"name":"Shaded","section":"Shading Mode"},"sceneLighting":false,"audioPlay":false,"sceneViewState":{"m_AlwaysRefresh":false,"showFog":false,"showSkybox":false,"showFlares":false,"showImageEffects":false,"showParticleSystems":false,"showVisualEffectGraphs":true,"m_FxEnabled":true},"in2DMode":false,"pivot":{"x":0.0922333300113678,"y":0.036820292472839358,"z":0.11924374103546143},"rotation":{"x":-0.014072699472308159,"y":-0.919800877571106,"z":0.03312698379158974,"w":-0.3907341957092285},"size":1.2270996570587159,"orthographic":true}