{"cameraMode":{"drawMode":0,"name":"Shaded","section":"Shading Mode"},"sceneLighting":false,"audioPlay":false,"sceneViewState":{"m_AlwaysRefresh":false,"showFog":false,"showSkybox":false,"showFlares":false,"showImageEffects":false,"showParticleSystems":false,"showVisualEffectGraphs":true,"m_FxEnabled":true},"in2DMode":false,"pivot":{"x":-0.027378525584936143,"y":1.0127553939819337,"z":-0.06999906897544861},"rotation":{"x":0.002779710805043578,"y":-0.9937223792076111,"z":-0.025345101952552797,"w":-0.1089513748884201},"size":0.8409037590026856,"orthographic":true}