{"cameraMode":{"drawMode":0,"name":"Shaded","section":"Shading Mode"},"sceneLighting":true,"audioPlay":false,"sceneViewState":{"m_AlwaysRefresh":false,"showFog":true,"showSkybox":true,"showFlares":true,"showImageEffects":true,"showParticleSystems":true,"showVisualEffectGraphs":true,"m_FxEnabled":true},"in2DMode":false,"pivot":{"x":-1.5755407810211182,"y":1.414316177368164,"z":-1.7770134210586548},"rotation":{"x":-0.007142002694308758,"y":-0.9861655831336975,"z":0.15965290367603303,"w":-0.044115155935287479},"size":1.7585219144821168,"orthographic":true}