{"cameraMode":{"drawMode":0,"name":"Shaded","section":"Shading Mode"},"sceneLighting":false,"audioPlay":false,"sceneViewState":{"m_AlwaysRefresh":false,"showFog":true,"showSkybox":false,"showFlares":true,"showImageEffects":true,"showParticleSystems":true,"showVisualEffectGraphs":true,"m_FxEnabled":true},"in2DMode":false,"pivot":{"x":-0.5038741827011108,"y":3.0507688522338869,"z":0.5365333557128906},"rotation":{"x":0.030644569545984269,"y":-0.625590443611145,"z":0.024604475125670434,"w":0.7791681885719299},"size":4.89500093460083,"orthographic":false}