{"cameraMode":{"drawMode":0,"name":"Shaded","section":"Shading Mode"},"sceneLighting":true,"audioPlay":false,"sceneViewState":{"m_AlwaysRefresh":false,"showFog":true,"showSkybox":false,"showFlares":true,"showImageEffects":true,"showParticleSystems":true,"showVisualEffectGraphs":true,"m_FxEnabled":true},"in2DMode":false,"pivot":{"x":-0.10195411741733551,"y":9.626752853393555,"z":-3.992772340774536},"rotation":{"x":0.04947980120778084,"y":-0.0006014532409608364,"z":0.000029726897992077284,"w":0.9987753033638},"size":13.359947204589844,"orthographic":true}